plugin_id,plugin_type,plugin_name,plugin_status,actionability_state,recommendation_count,actionable_via_discovery,reason_code,reason_code_detail,recommended_next_step,next_step_lane_id,expected_post_state,finding_count,finding_kind_preview,plugin_summary
analysis_action_search_mip_batched_scheduler_v1,analysis,Action Search (MIP Batched Scheduler),ok,actionable,3,True,,,,already_actionable,actionable,1,actionable_ops_lever,REUSED from baseline_freshman_20260219b
analysis_action_search_simulated_annealing_v1,analysis,Action Search (Simulated Annealing),ok,actionable,3,True,,,,already_actionable,actionable,1,actionable_ops_lever,REUSED from baseline_freshman_20260219b
analysis_actionable_ops_levers_v1,analysis,Actionable Ops Levers (v1),ok,actionable,11,True,,,,already_actionable,actionable,20,actionable_ops_lever,REUSED from baseline_freshman_20260219b
analysis_aft_survival_lognormal_v1,analysis,analysis_aft_survival_lognormal_v1,ok,explained_non_actionable,0,False,OBSERVATION_ONLY,,Add or extend recommendation adapters for this plugin's finding families.,adapter_extension,actionable_or_deterministic_explained_non_actionable,1,plugin_observation,REUSED from baseline_freshman_20260219b
analysis_anova_auto,analysis,Anova Auto,ok,explained_non_actionable,0,False,NO_ELIGIBLE_SLICE,,Add or extend recommendation adapters for this plugin's finding families.,adapter_extension,actionable_or_deterministic_explained_non_actionable,1,analysis_no_action_diagnostic,REUSED from baseline_freshman_20260219b
analysis_association_rules_apriori_v1,analysis,Association Rules (Apriori),ok,actionable,1,True,,,,already_actionable,actionable,10,actionable_ops_lever,REUSED from baseline_freshman_20260219b
analysis_attribution,analysis,Attribution Analysis,ok,actionable,5,True,,,,already_actionable,actionable,9,attribution,REUSED from baseline_freshman_20260219b
analysis_bayesian_online_changepoint_studentt_v1,analysis,analysis_bayesian_online_changepoint_studentt_v1,ok,explained_non_actionable,0,False,NO_STATISTICAL_SIGNAL,,Add or extend recommendation adapters for this plugin's finding families.,adapter_extension,actionable_or_deterministic_explained_non_actionable,1,analysis_no_action_diagnostic,REUSED from baseline_freshman_20260219b
analysis_bayesian_point_displacement,analysis,Bayesian Point Displacement,ok,actionable,1,True,,,,already_actionable,actionable,3,bayesian_point_displacement,REUSED from baseline_freshman_20260219b
analysis_benfords_law_anomaly_v1,analysis,analysis_benfords_law_anomaly_v1,ok,explained_non_actionable,0,False,OBSERVATION_ONLY,,Add or extend recommendation adapters for this plugin's finding families.,adapter_extension,actionable_or_deterministic_explained_non_actionable,5,plugin_observation,REUSED from baseline_freshman_20260219b
analysis_beta_binomial_overdispersion_v1,analysis,analysis_beta_binomial_overdispersion_v1,ok,explained_non_actionable,0,False,PLUGIN_PRECONDITION_UNMET,,Add or extend recommendation adapters for this plugin's finding families.,adapter_extension,actionable_or_deterministic_explained_non_actionable,1,plugin_not_applicable,REUSED from baseline_freshman_20260219b
analysis_biclustering_cheng_church_v1,analysis,Biclustering (ProcessÃ—Param Coherence),ok,explained_non_actionable,0,False,PLUGIN_PRECONDITION_UNMET,,Add or extend recommendation adapters for this plugin's finding families.,adapter_extension,actionable_or_deterministic_explained_non_actionable,1,plugin_not_applicable,REUSED from baseline_freshman_20260219b
analysis_bocpd_gaussian,analysis,BOCPD Gaussian,ok,actionable,1,True,,,,already_actionable,actionable,7,changepoint,REUSED from baseline_freshman_20260219b
analysis_bootstrap_ci_effect_sizes_v1,analysis,analysis_bootstrap_ci_effect_sizes_v1,ok,explained_non_actionable,0,False,PLUGIN_PRECONDITION_UNMET,,Add or extend recommendation adapters for this plugin's finding families.,adapter_extension,actionable_or_deterministic_explained_non_actionable,1,plugin_not_applicable,REUSED from baseline_freshman_20260219b
analysis_bsts_intervention_counterfactual_v1,analysis,analysis_bsts_intervention_counterfactual_v1,ok,explained_non_actionable,0,False,PLUGIN_PRECONDITION_UNMET,,Add or extend recommendation adapters for this plugin's finding families.,adapter_extension,actionable_or_deterministic_explained_non_actionable,1,plugin_not_applicable,REUSED from baseline_freshman_20260219b
analysis_burst_detection_kleinberg,analysis,Burst Detection Kleinberg,ok,explained_non_actionable,0,False,OBSERVATION_ONLY,,Add or extend recommendation adapters for this plugin's finding families.,adapter_extension,actionable_or_deterministic_explained_non_actionable,1,plugin_observation,REUSED from baseline_freshman_20260219b
analysis_burst_modeling_hawkes_v1,analysis,Burst Modeling (Hawkes-Style),ok,explained_non_actionable,0,False,PLUGIN_PRECONDITION_UNMET,,Add or extend recommendation adapters for this plugin's finding families.,adapter_extension,actionable_or_deterministic_explained_non_actionable,1,plugin_not_applicable,REUSED from baseline_freshman_20260219b
analysis_busy_period_segmentation_v2,analysis,Busy Period Segmentation v2,ok,explained_non_actionable,0,False,PLUGIN_PRECONDITION_UNMET,,Add or extend recommendation adapters for this plugin's finding families.,adapter_extension,actionable_or_deterministic_explained_non_actionable,1,plugin_not_applicable,REUSED from baseline_freshman_20260219b
analysis_capacity_frontier_envelope_v1,analysis,analysis_capacity_frontier_envelope_v1,ok,explained_non_actionable,0,False,OBSERVATION_ONLY,,Add or extend recommendation adapters for this plugin's finding families.,adapter_extension,actionable_or_deterministic_explained_non_actionable,1,plugin_observation,REUSED from baseline_freshman_20260219b
analysis_capacity_scaling,analysis,Capacity Scaling Scenario,ok,actionable,5,True,,,,already_actionable,actionable,8,capacity_scaling,REUSED from baseline_freshman_20260219b
analysis_cca_crossblock_association_v1,analysis,analysis_cca_crossblock_association_v1,ok,explained_non_actionable,0,False,NO_STATISTICAL_SIGNAL,,Add or extend recommendation adapters for this plugin's finding families.,adapter_extension,actionable_or_deterministic_explained_non_actionable,1,analysis_no_action_diagnostic,REUSED from baseline_freshman_20260219b
analysis_chain_makespan,analysis,Chain Makespan Analysis,ok,actionable,1,True,,,,already_actionable,actionable,10,chain_makespan,REUSED from baseline_freshman_20260219b
analysis_change_impact_pre_post,analysis,Change Impact Pre Post,ok,explained_non_actionable,0,False,NO_STATISTICAL_SIGNAL,,Add or extend recommendation adapters for this plugin's finding families.,adapter_extension,actionable_or_deterministic_explained_non_actionable,1,analysis_no_action_diagnostic,REUSED from baseline_freshman_20260219b
analysis_change_score_consensus_v1,analysis,analysis_change_score_consensus_v1,ok,explained_non_actionable,0,False,PLUGIN_PRECONDITION_UNMET,,Add or extend recommendation adapters for this plugin's finding families.,adapter_extension,actionable_or_deterministic_explained_non_actionable,1,plugin_not_applicable,REUSED from baseline_freshman_20260219b
analysis_changepoint_energy_edivisive,analysis,Changepoint Energy Edivisive,ok,explained_non_actionable,0,False,OBSERVATION_ONLY,,Add or extend recommendation adapters for this plugin's finding families.,adapter_extension,actionable_or_deterministic_explained_non_actionable,1,plugin_observation,REUSED from baseline_freshman_20260219b
analysis_changepoint_method_survey_guided,analysis,Changepoint Method Survey Guided,ok,explained_non_actionable,0,False,OBSERVATION_ONLY,,Add or extend recommendation adapters for this plugin's finding families.,adapter_extension,actionable_or_deterministic_explained_non_actionable,22,plugin_observation,REUSED from baseline_freshman_20260219b
analysis_changepoint_pelt,analysis,Changepoint Pelt,ok,explained_non_actionable,0,False,OBSERVATION_ONLY,,Add or extend recommendation adapters for this plugin's finding families.,adapter_extension,actionable_or_deterministic_explained_non_actionable,20,plugin_observation,REUSED from baseline_freshman_20260219b
analysis_chi_square_association,analysis,Chi Square Association,ok,actionable,1,True,,,,already_actionable,actionable,40,chi_square_association,REUSED from baseline_freshman_20260219b
analysis_circular_time_of_day_drift_v1,analysis,analysis_circular_time_of_day_drift_v1,ok,explained_non_actionable,0,False,NO_STATISTICAL_SIGNAL,,Add or extend recommendation adapters for this plugin's finding families.,adapter_extension,actionable_or_deterministic_explained_non_actionable,1,analysis_no_action_diagnostic,REUSED from baseline_freshman_20260219b
analysis_close_cycle_capacity_impact,analysis,Close Cycle Capacity Impact,ok,explained_non_actionable,0,False,CAPACITY_IMPACT_CONSTRAINT,,Capacity impact was not applicable for current slices; expand eligible slice coverage or provide modeled scenario inputs for capacity simulation.,capacity_slice_expansion,actionable_or_deterministic_explained_non_actionable,2,close_cycle_capacity_impact,REUSED from baseline_freshman_20260219b
analysis_close_cycle_capacity_model,analysis,Close Cycle Capacity Model,ok,explained_non_actionable,0,False,NO_ACTIONABLE_FINDING_CLASS,,"Emit a direct-action finding kind (`actionable_ops_lever`, `ideaspace_action`, or `verified_action`) with process target and modeled delta fields.",direct_action_contract,actionable_or_deterministic_explained_non_actionable,6,close_cycle_capacity_model,REUSED from baseline_freshman_20260219b
analysis_close_cycle_change_point_v1,analysis,Close Cycle Change Point (Heuristic),ok,actionable,3,True,,,,already_actionable,actionable,1,close_cycle_change_point,REUSED from baseline_freshman_20260219b
analysis_close_cycle_contention,analysis,Close Cycle Contention Analysis,ok,actionable,1,True,,,,already_actionable,actionable,11,close_cycle_contention,REUSED from baseline_freshman_20260219b
analysis_close_cycle_duration_shift,analysis,Close Cycle Duration Shift Analysis,ok,actionable,3,True,,,,already_actionable,actionable,10,close_cycle_duration_shift;spillover_past_eom,REUSED from baseline_freshman_20260219b
analysis_close_cycle_revenue_compression,analysis,Close Cycle Revenue Compression,ok,explained_non_actionable,0,False,NO_REVENUE_COMPRESSION_PRESSURE,,Add or extend recommendation adapters for this plugin's finding families.,adapter_extension,actionable_or_deterministic_explained_non_actionable,1,close_cycle_revenue_compression,REUSED from baseline_freshman_20260219b
analysis_close_cycle_start_backtrack_v1,analysis,Close Cycle Start Backtrack v1,ok,actionable,5,True,,,,already_actionable,actionable,365,close_cycle_start_backtracked,REUSED from baseline_freshman_20260219b
analysis_close_cycle_uplift,analysis,Close Cycle Uplift Analysis,ok,explained_non_actionable,0,False,EXCLUDED_BY_PROCESS_POLICY,,Current target is policy-blocked (chain-bound/non-adjustable). Promote the nearest modifiable parent process target and rerun.,policy_parent_promotion,actionable_or_deterministic_explained_non_actionable,3,close_cycle_share_shift,REUSED from baseline_freshman_20260219b
analysis_close_cycle_window_resolver,analysis,Close Cycle Window Resolver,ok,actionable,5,True,,,,already_actionable,actionable,366,close_cycle_window_resolved;close_cycle_indicators,REUSED from baseline_freshman_20260219b
analysis_cluster_analysis_auto,analysis,Cluster Auto,ok,explained_non_actionable,0,False,NO_ACTIONABLE_FINDING_CLASS,,"Emit a direct-action finding kind (`actionable_ops_lever`, `ideaspace_action`, or `verified_action`) with process target and modeled delta fields.",direct_action_contract,actionable_or_deterministic_explained_non_actionable,1,cluster_analysis_auto,REUSED from baseline_freshman_20260219b
analysis_competing_risks_cif_v1,analysis,analysis_competing_risks_cif_v1,ok,explained_non_actionable,0,False,PLUGIN_PRECONDITION_UNMET,,Add or extend recommendation adapters for this plugin's finding families.,adapter_extension,actionable_or_deterministic_explained_non_actionable,1,plugin_not_applicable,REUSED from baseline_freshman_20260219b
analysis_concurrency_reconstruction,analysis,Concurrency Reconstruction,ok,explained_non_actionable,0,False,NO_ACTIONABLE_FINDING_CLASS,,"Emit a direct-action finding kind (`actionable_ops_lever`, `ideaspace_action`, or `verified_action`) with process target and modeled delta fields.",direct_action_contract,actionable_or_deterministic_explained_non_actionable,2,concurrency_summary,REUSED from baseline_freshman_20260219b
analysis_conformal_feature_prediction,analysis,Conformal Feature Prediction,ok,actionable,1,True,,,,already_actionable,actionable,362,anomaly,REUSED from baseline_freshman_20260219b
analysis_conformance_alignments,analysis,Conformance Alignments,ok,explained_non_actionable,0,False,OBSERVATION_ONLY,,Add or extend recommendation adapters for this plugin's finding families.,adapter_extension,actionable_or_deterministic_explained_non_actionable,1,plugin_observation,REUSED from baseline_freshman_20260219b
analysis_conformance_checking,analysis,Conformance Checking,ok,explained_non_actionable,0,False,PLUGIN_PRECONDITION_UNMET,,Add or extend recommendation adapters for this plugin's finding families.,adapter_extension,actionable_or_deterministic_explained_non_actionable,1,plugin_not_applicable,REUSED from baseline_freshman_20260219b
analysis_constrained_clustering_cop_kmeans_v1,analysis,Constrained Clustering (COP-KMeans),ok,explained_non_actionable,0,False,PLUGIN_PRECONDITION_UNMET,,Add or extend recommendation adapters for this plugin's finding families.,adapter_extension,actionable_or_deterministic_explained_non_actionable,1,plugin_not_applicable,REUSED from baseline_freshman_20260219b
analysis_constraints_violation_detector_v1,analysis,analysis_constraints_violation_detector_v1,ok,explained_non_actionable,0,False,PLUGIN_PRECONDITION_UNMET,,Add or extend recommendation adapters for this plugin's finding families.,adapter_extension,actionable_or_deterministic_explained_non_actionable,1,plugin_not_applicable,REUSED from baseline_freshman_20260219b
analysis_control_chart_cusum,analysis,Control Chart Cusum,ok,explained_non_actionable,0,False,OBSERVATION_ONLY,,Add or extend recommendation adapters for this plugin's finding families.,adapter_extension,actionable_or_deterministic_explained_non_actionable,30,plugin_observation,REUSED from baseline_freshman_20260219b
analysis_control_chart_ewma,analysis,Control Chart Ewma,ok,explained_non_actionable,0,False,OBSERVATION_ONLY,,Add or extend recommendation adapters for this plugin's finding families.,adapter_extension,actionable_or_deterministic_explained_non_actionable,30,plugin_observation,REUSED from baseline_freshman_20260219b
analysis_control_chart_individuals,analysis,Control Chart Individuals,ok,explained_non_actionable,0,False,OBSERVATION_ONLY,,Add or extend recommendation adapters for this plugin's finding families.,adapter_extension,actionable_or_deterministic_explained_non_actionable,30,plugin_observation,REUSED from baseline_freshman_20260219b
analysis_control_chart_suite,analysis,Control Chart Suite,ok,explained_non_actionable,0,False,OBSERVATION_ONLY,,Add or extend recommendation adapters for this plugin's finding families.,adapter_extension,actionable_or_deterministic_explained_non_actionable,30,plugin_observation,REUSED from baseline_freshman_20260219b
analysis_copula_dependence,analysis,Copula Dependence,ok,explained_non_actionable,0,False,OBSERVATION_ONLY,,Add or extend recommendation adapters for this plugin's finding families.,adapter_extension,actionable_or_deterministic_explained_non_actionable,1,plugin_observation,REUSED from baseline_freshman_20260219b
analysis_cur_decomposition_explain_v1,analysis,CUR Decomposition Explainability,ok,actionable,1,True,,,,already_actionable,actionable,1,leftfield_signal,REUSED from baseline_freshman_20260219b
analysis_cusum_on_model_residuals_v1,analysis,analysis_cusum_on_model_residuals_v1,ok,explained_non_actionable,0,False,NO_STATISTICAL_SIGNAL,,Add or extend recommendation adapters for this plugin's finding families.,adapter_extension,actionable_or_deterministic_explained_non_actionable,1,analysis_no_action_diagnostic,REUSED from baseline_freshman_20260219b
analysis_daily_pattern_alignment_dtw_v1,analysis,Daily Pattern Alignment (DTW),ok,explained_non_actionable,0,False,PLUGIN_PRECONDITION_UNMET,,Add or extend recommendation adapters for this plugin's finding families.,adapter_extension,actionable_or_deterministic_explained_non_actionable,1,plugin_not_applicable,REUSED from baseline_freshman_20260219b
analysis_density_clustering_hdbscan_v1,analysis,Density Clustering (HDBSCAN),ok,actionable,1,True,,,,already_actionable,actionable,20,actionable_ops_lever,REUSED from baseline_freshman_20260219b
analysis_dependency_community_leiden_v1,analysis,Dependency Community Detection (Leiden),ok,explained_non_actionable,0,False,PLUGIN_PRECONDITION_UNMET,,Add or extend recommendation adapters for this plugin's finding families.,adapter_extension,actionable_or_deterministic_explained_non_actionable,1,plugin_not_applicable,REUSED from baseline_freshman_20260219b
analysis_dependency_community_louvain_v1,analysis,Dependency Community Detection (Louvain),ok,explained_non_actionable,0,False,PLUGIN_PRECONDITION_UNMET,,Add or extend recommendation adapters for this plugin's finding families.,adapter_extension,actionable_or_deterministic_explained_non_actionable,1,plugin_not_applicable,REUSED from baseline_freshman_20260219b
analysis_dependency_critical_path_v1,analysis,Dependency Critical Path (Proxy),ok,explained_non_actionable,0,False,PLUGIN_PRECONDITION_UNMET,,Add or extend recommendation adapters for this plugin's finding families.,adapter_extension,actionable_or_deterministic_explained_non_actionable,1,plugin_not_applicable,REUSED from baseline_freshman_20260219b
analysis_dependency_graph_change_detection,analysis,Dependency Graph Change Detection,ok,explained_non_actionable,0,False,OBSERVATION_ONLY,,Add or extend recommendation adapters for this plugin's finding families.,adapter_extension,actionable_or_deterministic_explained_non_actionable,1,plugin_observation,REUSED from baseline_freshman_20260219b
analysis_dependency_resolution_join,analysis,Dependency Resolution Join,ok,explained_non_actionable,0,False,NO_ACTIONABLE_FINDING_CLASS,,"Emit a direct-action finding kind (`actionable_ops_lever`, `ideaspace_action`, or `verified_action`) with process target and modeled delta fields.",direct_action_contract,actionable_or_deterministic_explained_non_actionable,1,dependency_lag_summary,REUSED from baseline_freshman_20260219b
analysis_determinism_discipline,analysis,Determinism Discipline,ok,explained_non_actionable,0,False,NO_ACTIONABLE_FINDING_CLASS,,"Emit a direct-action finding kind (`actionable_ops_lever`, `ideaspace_action`, or `verified_action`) with process target and modeled delta fields.",direct_action_contract,actionable_or_deterministic_explained_non_actionable,1,determinism_discipline_summary,REUSED from baseline_freshman_20260219b
analysis_diffusion_maps_manifold_v1,analysis,Diffusion Maps Manifold Drift,ok,actionable,1,True,,,,already_actionable,actionable,1,leftfield_signal,REUSED from baseline_freshman_20260219b
analysis_dirichlet_multinomial_categorical_overdispersion_v1,analysis,analysis_dirichlet_multinomial_categorical_overdispersion_v1,ok,explained_non_actionable,0,False,NO_STATISTICAL_SIGNAL,,Add or extend recommendation adapters for this plugin's finding families.,adapter_extension,actionable_or_deterministic_explained_non_actionable,1,analysis_no_action_diagnostic,REUSED from baseline_freshman_20260219b
analysis_discrete_event_queue_simulator_v1,analysis,Discrete-Event Queue Simulator,ok,actionable,1,True,,,,already_actionable,actionable,1,actionable_ops_lever,REUSED from baseline_freshman_20260219b
analysis_distance_correlation_screen_v1,analysis,analysis_distance_correlation_screen_v1,ok,explained_non_actionable,0,False,NO_STATISTICAL_SIGNAL,,Add or extend recommendation adapters for this plugin's finding families.,adapter_extension,actionable_or_deterministic_explained_non_actionable,1,analysis_no_action_diagnostic,REUSED from baseline_freshman_20260219b
analysis_distance_covariance_dependence_v1,analysis,analysis_distance_covariance_dependence_v1,ok,explained_non_actionable,0,False,PLUGIN_PRECONDITION_UNMET,,Add or extend recommendation adapters for this plugin's finding families.,adapter_extension,actionable_or_deterministic_explained_non_actionable,1,plugin_not_applicable,REUSED from baseline_freshman_20260219b
analysis_distribution_drift_suite,analysis,Distribution Drift Suite,ok,explained_non_actionable,0,False,OBSERVATION_ONLY,,Add or extend recommendation adapters for this plugin's finding families.,adapter_extension,actionable_or_deterministic_explained_non_actionable,22,plugin_observation,REUSED from baseline_freshman_20260219b
analysis_distribution_shift_wasserstein_v1,analysis,Distribution Shift (Wasserstein/EMD),ok,explained_non_actionable,0,False,PLUGIN_PRECONDITION_UNMET,,Add or extend recommendation adapters for this plugin's finding families.,adapter_extension,actionable_or_deterministic_explained_non_actionable,1,plugin_not_applicable,REUSED from baseline_freshman_20260219b
analysis_dmd_koopman_modes_v1,analysis,Dynamic Mode Decomposition Koopman Modes,ok,actionable,1,True,,,,already_actionable,actionable,1,leftfield_signal,REUSED from baseline_freshman_20260219b
analysis_dp_gmm,analysis,DP GMM,ok,actionable,1,True,,,,already_actionable,actionable,2,cluster,REUSED from baseline_freshman_20260219b
analysis_drift_adwin,analysis,Drift Adwin,ok,explained_non_actionable,0,False,OBSERVATION_ONLY,,Add or extend recommendation adapters for this plugin's finding families.,adapter_extension,actionable_or_deterministic_explained_non_actionable,1,plugin_observation,REUSED from baseline_freshman_20260219b
analysis_dynamic_close_detection,analysis,Dynamic Close Window Detection,ok,actionable,5,True,,,,already_actionable,actionable,8,close_cycle_roll;close_cycle_indicators,REUSED from baseline_freshman_20260219b
analysis_ebm_action_verifier_v1,analysis,EBM Action Verifier (Kona Layer),ok,actionable,1,True,,,,already_actionable,actionable,5,verified_action,REUSED from baseline_freshman_20260219b
analysis_effect_size_report,analysis,Effect Size Report,ok,explained_non_actionable,0,False,OBSERVATION_ONLY,,Add or extend recommendation adapters for this plugin's finding families.,adapter_extension,actionable_or_deterministic_explained_non_actionable,9,plugin_observation,REUSED from baseline_freshman_20260219b
analysis_empirical_bayes_shrinkage_v1,analysis,Empirical Bayes Shrinkage Rankings,ok,explained_non_actionable,0,False,PLUGIN_PRECONDITION_UNMET,,Add or extend recommendation adapters for this plugin's finding families.,adapter_extension,actionable_or_deterministic_explained_non_actionable,1,plugin_not_applicable,REUSED from baseline_freshman_20260219b
analysis_energy_distance_two_sample_v1,analysis,analysis_energy_distance_two_sample_v1,ok,explained_non_actionable,0,False,PLUGIN_PRECONDITION_UNMET,,Add or extend recommendation adapters for this plugin's finding families.,adapter_extension,actionable_or_deterministic_explained_non_actionable,1,plugin_not_applicable,REUSED from baseline_freshman_20260219b
analysis_event_count_bocpd_poisson,analysis,Event Count Bocpd Poisson,ok,explained_non_actionable,0,False,OBSERVATION_ONLY,,Add or extend recommendation adapters for this plugin's finding families.,adapter_extension,actionable_or_deterministic_explained_non_actionable,1,plugin_observation,REUSED from baseline_freshman_20260219b
analysis_evt_gumbel_tail,analysis,Evt Gumbel Tail,ok,explained_non_actionable,0,False,OBSERVATION_ONLY,,Add or extend recommendation adapters for this plugin's finding families.,adapter_extension,actionable_or_deterministic_explained_non_actionable,5,plugin_observation,REUSED from baseline_freshman_20260219b
analysis_evt_peaks_over_threshold,analysis,Evt Peaks Over Threshold,ok,explained_non_actionable,0,False,OBSERVATION_ONLY,,Add or extend recommendation adapters for this plugin's finding families.,adapter_extension,actionable_or_deterministic_explained_non_actionable,4,plugin_observation,REUSED from baseline_freshman_20260219b
analysis_factor_analysis_auto,analysis,Factor Auto,ok,explained_non_actionable,0,False,NO_ACTIONABLE_FINDING_CLASS,,"Emit a direct-action finding kind (`actionable_ops_lever`, `ideaspace_action`, or `verified_action`) with process target and modeled delta fields.",direct_action_contract,actionable_or_deterministic_explained_non_actionable,1,factor_analysis_auto,REUSED from baseline_freshman_20260219b
analysis_factor_rotation_varimax_v1,analysis,analysis_factor_rotation_varimax_v1,ok,explained_non_actionable,0,False,OBSERVATION_ONLY,,Add or extend recommendation adapters for this plugin's finding families.,adapter_extension,actionable_or_deterministic_explained_non_actionable,1,plugin_observation,REUSED from baseline_freshman_20260219b
analysis_fisher_exact_enrichment_v1,analysis,analysis_fisher_exact_enrichment_v1,ok,explained_non_actionable,0,False,OBSERVATION_ONLY,,Add or extend recommendation adapters for this plugin's finding families.,adapter_extension,actionable_or_deterministic_explained_non_actionable,30,plugin_observation,REUSED from baseline_freshman_20260219b
analysis_frequent_directions_cov_sketch_v1,analysis,Frequent Directions Covariance Sketch,ok,actionable,1,True,,,,already_actionable,actionable,1,leftfield_signal,REUSED from baseline_freshman_20260219b
analysis_frequent_itemsets_fpgrowth_v1,analysis,Frequent Param Sets (FP-Growth),ok,actionable,1,True,,,,already_actionable,actionable,10,actionable_ops_lever,REUSED from baseline_freshman_20260219b
analysis_fused_lasso_trend_filtering_v1,analysis,analysis_fused_lasso_trend_filtering_v1,ok,explained_non_actionable,0,False,PLUGIN_PRECONDITION_UNMET,,Add or extend recommendation adapters for this plugin's finding families.,adapter_extension,actionable_or_deterministic_explained_non_actionable,1,plugin_not_applicable,REUSED from baseline_freshman_20260219b
analysis_gam_spline_regression_v1,analysis,analysis_gam_spline_regression_v1,ok,explained_non_actionable,0,False,OBSERVATION_ONLY,,Add or extend recommendation adapters for this plugin's finding families.,adapter_extension,actionable_or_deterministic_explained_non_actionable,1,plugin_observation,REUSED from baseline_freshman_20260219b
analysis_garch_volatility_shift_v1,analysis,analysis_garch_volatility_shift_v1,ok,explained_non_actionable,0,False,NO_STATISTICAL_SIGNAL,,Add or extend recommendation adapters for this plugin's finding families.,adapter_extension,actionable_or_deterministic_explained_non_actionable,1,analysis_no_action_diagnostic,REUSED from baseline_freshman_20260219b
analysis_gaussian_copula_shift,analysis,Gaussian Copula Shift,ok,actionable,1,True,,,,already_actionable,actionable,5,dependence_shift,REUSED from baseline_freshman_20260219b
analysis_gaussian_knockoffs,analysis,Gaussian Knockoffs,ok,actionable,1,True,,,,already_actionable,actionable,42,feature_discovery,REUSED from baseline_freshman_20260219b
analysis_geometric_median_multivariate_location_v1,analysis,analysis_geometric_median_multivariate_location_v1,ok,explained_non_actionable,0,False,NO_STATISTICAL_SIGNAL,,Add or extend recommendation adapters for this plugin's finding families.,adapter_extension,actionable_or_deterministic_explained_non_actionable,1,analysis_no_action_diagnostic,REUSED from baseline_freshman_20260219b
analysis_ges_score_based_causal_v1,analysis,GES-style Score-based Causal Graph,ok,actionable,1,True,,,,already_actionable,actionable,1,leftfield_signal,REUSED from baseline_freshman_20260219b
analysis_graph_assortativity_shift_v1,analysis,analysis_graph_assortativity_shift_v1,ok,explained_non_actionable,0,False,OBSERVATION_ONLY,,Add or extend recommendation adapters for this plugin's finding families.,adapter_extension,actionable_or_deterministic_explained_non_actionable,1,plugin_observation,REUSED from baseline_freshman_20260219b
analysis_graph_min_cut_partition_v1,analysis,Graph Minimum Cut Partition,ok,explained_non_actionable,0,False,PLUGIN_PRECONDITION_UNMET,,Add or extend recommendation adapters for this plugin's finding families.,adapter_extension,actionable_or_deterministic_explained_non_actionable,1,plugin_not_applicable,REUSED from baseline_freshman_20260219b
analysis_graph_motif_triads_shift_v1,analysis,analysis_graph_motif_triads_shift_v1,ok,explained_non_actionable,0,False,PLUGIN_PRECONDITION_UNMET,,Add or extend recommendation adapters for this plugin's finding families.,adapter_extension,actionable_or_deterministic_explained_non_actionable,1,plugin_not_applicable,REUSED from baseline_freshman_20260219b
analysis_graph_pagerank_hotspots_v1,analysis,analysis_graph_pagerank_hotspots_v1,ok,explained_non_actionable,0,False,PLUGIN_PRECONDITION_UNMET,,Add or extend recommendation adapters for this plugin's finding families.,adapter_extension,actionable_or_deterministic_explained_non_actionable,1,plugin_not_applicable,REUSED from baseline_freshman_20260219b
analysis_graph_topology_curves,analysis,Graph Topology Curves,ok,explained_non_actionable,0,False,NO_ACTIONABLE_FINDING_CLASS,,"Emit a direct-action finding kind (`actionable_ops_lever`, `ideaspace_action`, or `verified_action`) with process target and modeled delta fields.",direct_action_contract,actionable_or_deterministic_explained_non_actionable,1,topology,REUSED from baseline_freshman_20260219b
analysis_graphical_lasso_dependency_network,analysis,Graphical Lasso Dependency Network,ok,explained_non_actionable,0,False,PLUGIN_PRECONDITION_UNMET,,Add or extend recommendation adapters for this plugin's finding families.,adapter_extension,actionable_or_deterministic_explained_non_actionable,1,plugin_not_applicable,REUSED from baseline_freshman_20260219b
analysis_haar_wavelet_transient_detector_v1,analysis,analysis_haar_wavelet_transient_detector_v1,ok,explained_non_actionable,0,False,PLUGIN_PRECONDITION_UNMET,,Add or extend recommendation adapters for this plugin's finding families.,adapter_extension,actionable_or_deterministic_explained_non_actionable,1,plugin_not_applicable,REUSED from baseline_freshman_20260219b
analysis_hawkes_self_exciting,analysis,Hawkes Self Exciting,ok,explained_non_actionable,0,False,OBSERVATION_ONLY,,Add or extend recommendation adapters for this plugin's finding families.,adapter_extension,actionable_or_deterministic_explained_non_actionable,1,plugin_observation,REUSED from baseline_freshman_20260219b
analysis_heavy_tail_index_hill_v1,analysis,analysis_heavy_tail_index_hill_v1,ok,explained_non_actionable,0,False,NO_STATISTICAL_SIGNAL,,Add or extend recommendation adapters for this plugin's finding families.,adapter_extension,actionable_or_deterministic_explained_non_actionable,1,analysis_no_action_diagnostic,REUSED from baseline_freshman_20260219b
analysis_higuchi_fractal_dimension_v1,analysis,analysis_higuchi_fractal_dimension_v1,ok,explained_non_actionable,0,False,OBSERVATION_ONLY,,Add or extend recommendation adapters for this plugin's finding families.,adapter_extension,actionable_or_deterministic_explained_non_actionable,1,plugin_observation,REUSED from baseline_freshman_20260219b
analysis_hmm_latent_state_sequences,analysis,Hmm Latent State Sequences,ok,explained_non_actionable,0,False,OBSERVATION_ONLY,,Add or extend recommendation adapters for this plugin's finding families.,adapter_extension,actionable_or_deterministic_explained_non_actionable,1,plugin_observation,REUSED from baseline_freshman_20260219b
analysis_hold_time_attribution_v1,analysis,Hold Time Attribution,ok,explained_non_actionable,0,False,PLUGIN_PRECONDITION_UNMET,,Add or extend recommendation adapters for this plugin's finding families.,adapter_extension,actionable_or_deterministic_explained_non_actionable,1,plugin_not_applicable,REUSED from baseline_freshman_20260219b
analysis_hsic_independence_screen_v1,analysis,HSIC Nonlinear Dependence Screen,ok,actionable,1,True,,,,already_actionable,actionable,1,leftfield_signal,REUSED from baseline_freshman_20260219b
analysis_hurst_exponent_long_memory_v1,analysis,analysis_hurst_exponent_long_memory_v1,ok,explained_non_actionable,0,False,NO_STATISTICAL_SIGNAL,,Add or extend recommendation adapters for this plugin's finding families.,adapter_extension,actionable_or_deterministic_explained_non_actionable,1,analysis_no_action_diagnostic,REUSED from baseline_freshman_20260219b
analysis_ica_source_separation_v1,analysis,analysis_ica_source_separation_v1,ok,explained_non_actionable,0,False,OBSERVATION_ONLY,,Add or extend recommendation adapters for this plugin's finding families.,adapter_extension,actionable_or_deterministic_explained_non_actionable,1,plugin_observation,REUSED from baseline_freshman_20260219b
analysis_icp_invariant_causal_prediction_v1,analysis,Invariant Causal Prediction Screen,ok,explained_non_actionable,0,False,NO_STATISTICAL_SIGNAL,,Add or extend recommendation adapters for this plugin's finding families.,adapter_extension,actionable_or_deterministic_explained_non_actionable,1,analysis_no_action_diagnostic,REUSED from baseline_freshman_20260219b
analysis_ideaspace_action_planner,analysis,Ideaspace Action Planner,ok,actionable,2,True,,,,already_actionable,actionable,5,ideaspace_action,REUSED from baseline_freshman_20260219b
analysis_ideaspace_energy_ebm_v1,analysis,Ideaspace Energy EBM (Kona Layer),ok,explained_non_actionable,0,False,NO_ACTIONABLE_FINDING_CLASS,,"Emit a direct-action finding kind (`actionable_ops_lever`, `ideaspace_action`, or `verified_action`) with process target and modeled delta fields.",direct_action_contract,actionable_or_deterministic_explained_non_actionable,1,ideaspace_energy,REUSED from baseline_freshman_20260219b
analysis_ideaspace_normative_gap,analysis,Ideaspace Normative Gap,ok,actionable,1,True,,,,already_actionable,actionable,21,ideaspace_gap,REUSED from baseline_freshman_20260219b
analysis_isolation_forest,analysis,Isolation Forest,ok,explained_non_actionable,0,False,OBSERVATION_ONLY,,Add or extend recommendation adapters for this plugin's finding families.,adapter_extension,actionable_or_deterministic_explained_non_actionable,30,plugin_observation,REUSED from baseline_freshman_20260219b
analysis_isolation_forest_anomaly,analysis,Isolation Forest Anomaly,ok,explained_non_actionable,0,False,OBSERVATION_ONLY,,Add or extend recommendation adapters for this plugin's finding families.,adapter_extension,actionable_or_deterministic_explained_non_actionable,30,plugin_observation,REUSED from baseline_freshman_20260219b
analysis_issue_cards_v2,analysis,Issue Cards v2,ok,explained_non_actionable,0,False,NO_ACTIONABLE_FINDING_CLASS,,"Emit a direct-action finding kind (`actionable_ops_lever`, `ideaspace_action`, or `verified_action`) with process target and modeled delta fields.",direct_action_contract,actionable_or_deterministic_explained_non_actionable,1,issue_cards_summary,REUSED from baseline_freshman_20260219b
analysis_kernel_two_sample_mmd,analysis,Kernel Two Sample Mmd,ok,explained_non_actionable,0,False,PLUGIN_PRECONDITION_UNMET,,Add or extend recommendation adapters for this plugin's finding families.,adapter_extension,actionable_or_deterministic_explained_non_actionable,1,plugin_not_applicable,REUSED from baseline_freshman_20260219b
analysis_kingman_vut_approx,analysis,Kingman Vut Approx,ok,explained_non_actionable,0,False,OBSERVATION_ONLY,,Add or extend recommendation adapters for this plugin's finding families.,adapter_extension,actionable_or_deterministic_explained_non_actionable,1,plugin_observation,REUSED from baseline_freshman_20260219b
analysis_knn_graph_two_sample_test_v1,analysis,kNN Graph Two-sample Test,ok,actionable,1,True,,,,already_actionable,actionable,1,leftfield_signal,REUSED from baseline_freshman_20260219b
analysis_knockoff_wrapper_rf,analysis,Knockoff Wrapper RF,ok,actionable,1,True,,,,already_actionable,actionable,42,feature_discovery,REUSED from baseline_freshman_20260219b
analysis_ksd_stein_discrepancy_anomaly_v1,analysis,KSD Stein Discrepancy Anomaly,ok,actionable,1,True,,,,already_actionable,actionable,1,leftfield_signal,REUSED from baseline_freshman_20260219b
analysis_lagged_predictability_test,analysis,Lagged Predictability Test,ok,explained_non_actionable,0,False,OBSERVATION_ONLY,,Add or extend recommendation adapters for this plugin's finding families.,adapter_extension,actionable_or_deterministic_explained_non_actionable,1,plugin_observation,REUSED from baseline_freshman_20260219b
analysis_lingam_causal_discovery_v1,analysis,LiNGAM-style Causal Discovery,ok,actionable,1,True,,,,already_actionable,actionable,1,leftfield_signal,REUSED from baseline_freshman_20260219b
analysis_littles_law_consistency,analysis,Littles Law Consistency,ok,explained_non_actionable,0,False,OBSERVATION_ONLY,,Add or extend recommendation adapters for this plugin's finding families.,adapter_extension,actionable_or_deterministic_explained_non_actionable,1,plugin_observation,REUSED from baseline_freshman_20260219b
analysis_local_outlier_factor,analysis,Local Outlier Factor,ok,explained_non_actionable,0,False,OBSERVATION_ONLY,,Add or extend recommendation adapters for this plugin's finding families.,adapter_extension,actionable_or_deterministic_explained_non_actionable,1,plugin_observation,REUSED from baseline_freshman_20260219b
analysis_log_template_drain,analysis,Log Template Drain,ok,explained_non_actionable,0,False,OBSERVATION_ONLY,,Add or extend recommendation adapters for this plugin's finding families.,adapter_extension,actionable_or_deterministic_explained_non_actionable,20,plugin_observation,REUSED from baseline_freshman_20260219b
analysis_log_template_mining_drain,analysis,Log Template Mining (Drain),ok,explained_non_actionable,0,False,OBSERVATION_ONLY,,Add or extend recommendation adapters for this plugin's finding families.,adapter_extension,actionable_or_deterministic_explained_non_actionable,20,plugin_observation,REUSED from baseline_freshman_20260219b
analysis_lomb_scargle_periodogram_v1,analysis,analysis_lomb_scargle_periodogram_v1,ok,explained_non_actionable,0,False,OBSERVATION_ONLY,,Add or extend recommendation adapters for this plugin's finding families.,adapter_extension,actionable_or_deterministic_explained_non_actionable,1,plugin_observation,REUSED from baseline_freshman_20260219b
analysis_mann_kendall_trend_test_v1,analysis,analysis_mann_kendall_trend_test_v1,ok,explained_non_actionable,0,False,PLUGIN_PRECONDITION_UNMET,,Add or extend recommendation adapters for this plugin's finding families.,adapter_extension,actionable_or_deterministic_explained_non_actionable,1,plugin_not_applicable,REUSED from baseline_freshman_20260219b
analysis_map_permutation_test_karniski,analysis,Map Permutation Test Karniski,ok,explained_non_actionable,0,False,NO_ACTIONABLE_FINDING_CLASS,,"Emit a direct-action finding kind (`actionable_ops_lever`, `ideaspace_action`, or `verified_action`) with process target and modeled delta fields.",direct_action_contract,actionable_or_deterministic_explained_non_actionable,1,map_permutation_test_karniski,REUSED from baseline_freshman_20260219b
analysis_marked_point_process_intensity_v1,analysis,analysis_marked_point_process_intensity_v1,ok,explained_non_actionable,0,False,NO_STATISTICAL_SIGNAL,,Add or extend recommendation adapters for this plugin's finding families.,adapter_extension,actionable_or_deterministic_explained_non_actionable,1,analysis_no_action_diagnostic,REUSED from baseline_freshman_20260219b
analysis_markov_transition_shift,analysis,Markov Transition Shift,ok,explained_non_actionable,0,False,NO_STATISTICAL_SIGNAL,,Add or extend recommendation adapters for this plugin's finding families.,adapter_extension,actionable_or_deterministic_explained_non_actionable,1,analysis_no_action_diagnostic,REUSED from baseline_freshman_20260219b
analysis_matrix_profile_motifs_discords,analysis,Matrix Profile Motifs Discords,ok,explained_non_actionable,0,False,OBSERVATION_ONLY,,Add or extend recommendation adapters for this plugin's finding families.,adapter_extension,actionable_or_deterministic_explained_non_actionable,1,plugin_observation,REUSED from baseline_freshman_20260219b
analysis_message_entropy_drift,analysis,Message Entropy Drift,ok,explained_non_actionable,0,False,OBSERVATION_ONLY,,Add or extend recommendation adapters for this plugin's finding families.,adapter_extension,actionable_or_deterministic_explained_non_actionable,1,plugin_observation,REUSED from baseline_freshman_20260219b
analysis_monte_carlo_surface_uncertainty,analysis,Monte Carlo Surface Uncertainty,ok,explained_non_actionable,0,False,NO_ACTIONABLE_FINDING_CLASS,,"Emit a direct-action finding kind (`actionable_ops_lever`, `ideaspace_action`, or `verified_action`) with process target and modeled delta fields.",direct_action_contract,actionable_or_deterministic_explained_non_actionable,1,monte_carlo_surface_uncertainty,REUSED from baseline_freshman_20260219b
analysis_multicollinearity_vif_screen_v1,analysis,analysis_multicollinearity_vif_screen_v1,ok,explained_non_actionable,0,False,OBSERVATION_ONLY,,Add or extend recommendation adapters for this plugin's finding families.,adapter_extension,actionable_or_deterministic_explained_non_actionable,2,plugin_observation,REUSED from baseline_freshman_20260219b
analysis_multiple_testing_fdr,analysis,Multiple Testing Fdr,ok,explained_non_actionable,0,False,OBSERVATION_ONLY,,Add or extend recommendation adapters for this plugin's finding families.,adapter_extension,actionable_or_deterministic_explained_non_actionable,2,plugin_observation,REUSED from baseline_freshman_20260219b
analysis_multiscale_entropy_mse_v1,analysis,analysis_multiscale_entropy_mse_v1,ok,explained_non_actionable,0,False,PLUGIN_PRECONDITION_UNMET,,Add or extend recommendation adapters for this plugin's finding families.,adapter_extension,actionable_or_deterministic_explained_non_actionable,1,plugin_not_applicable,REUSED from baseline_freshman_20260219b
analysis_multivariate_changepoint_pelt,analysis,Multivariate Changepoint (PELT),ok,explained_non_actionable,0,False,OBSERVATION_ONLY,,Add or extend recommendation adapters for this plugin's finding families.,adapter_extension,actionable_or_deterministic_explained_non_actionable,4,plugin_observation,REUSED from baseline_freshman_20260219b
analysis_multivariate_control_charts,analysis,Multivariate Control Charts,ok,explained_non_actionable,0,False,OBSERVATION_ONLY,,Add or extend recommendation adapters for this plugin's finding families.,adapter_extension,actionable_or_deterministic_explained_non_actionable,30,plugin_observation,REUSED from baseline_freshman_20260219b
analysis_multivariate_ewma_control,analysis,Multivariate Ewma Control,ok,explained_non_actionable,0,False,OBSERVATION_ONLY,,Add or extend recommendation adapters for this plugin's finding families.,adapter_extension,actionable_or_deterministic_explained_non_actionable,1,plugin_observation,REUSED from baseline_freshman_20260219b
analysis_multivariate_t2_control,analysis,Multivariate T2 Control,ok,explained_non_actionable,0,False,OBSERVATION_ONLY,,Add or extend recommendation adapters for this plugin's finding families.,adapter_extension,actionable_or_deterministic_explained_non_actionable,1,plugin_observation,REUSED from baseline_freshman_20260219b
analysis_mutual_information_screen,analysis,Mutual Information Screen,ok,explained_non_actionable,0,False,OBSERVATION_ONLY,,Add or extend recommendation adapters for this plugin's finding families.,adapter_extension,actionable_or_deterministic_explained_non_actionable,1,plugin_observation,REUSED from baseline_freshman_20260219b
analysis_negative_binomial_overdispersion_v1,analysis,analysis_negative_binomial_overdispersion_v1,ok,explained_non_actionable,0,False,OBSERVATION_ONLY,,Add or extend recommendation adapters for this plugin's finding families.,adapter_extension,actionable_or_deterministic_explained_non_actionable,1,plugin_observation,REUSED from baseline_freshman_20260219b
analysis_neural_additive_model_nam_v1,analysis,Neural Additive Model Approximation,ok,actionable,1,True,,,,already_actionable,actionable,1,leftfield_signal,REUSED from baseline_freshman_20260219b
analysis_node2vec_graph_embedding_drift_v1,analysis,Node2Vec-style Graph Embedding Drift,ok,explained_non_actionable,0,False,PLUGIN_PRECONDITION_UNMET,,Add or extend recommendation adapters for this plugin's finding families.,adapter_extension,actionable_or_deterministic_explained_non_actionable,1,plugin_not_applicable,REUSED from baseline_freshman_20260219b
analysis_normalizing_flow_density_v1,analysis,Normalizing Flow Density Approximation,ok,actionable,1,True,,,,already_actionable,actionable,1,leftfield_signal,REUSED from baseline_freshman_20260219b
analysis_notears_linear,analysis,NOTEARS Linear,ok,actionable,1,True,,,,already_actionable,actionable,6,graph_edge,REUSED from baseline_freshman_20260219b
analysis_one_class_svm,analysis,One Class Svm,ok,explained_non_actionable,0,False,OBSERVATION_ONLY,,Add or extend recommendation adapters for this plugin's finding families.,adapter_extension,actionable_or_deterministic_explained_non_actionable,1,plugin_observation,REUSED from baseline_freshman_20260219b
analysis_online_conformal_changepoint,analysis,Online Conformal Changepoint,ok,explained_non_actionable,0,False,NO_ACTIONABLE_FINDING_CLASS,,"Emit a direct-action finding kind (`actionable_ops_lever`, `ideaspace_action`, or `verified_action`) with process target and modeled delta fields.",direct_action_contract,actionable_or_deterministic_explained_non_actionable,2,changepoint,REUSED from baseline_freshman_20260219b
analysis_outlier_influence_cooks_distance_v1,analysis,analysis_outlier_influence_cooks_distance_v1,ok,explained_non_actionable,0,False,OBSERVATION_ONLY,,Add or extend recommendation adapters for this plugin's finding families.,adapter_extension,actionable_or_deterministic_explained_non_actionable,10,plugin_observation,REUSED from baseline_freshman_20260219b
analysis_param_near_duplicate_minhash_v1,analysis,Param Near-Duplicate Detection (MinHash/LSH),ok,explained_non_actionable,0,False,PLUGIN_PRECONDITION_UNMET,,Add or extend recommendation adapters for this plugin's finding families.,adapter_extension,actionable_or_deterministic_explained_non_actionable,1,plugin_not_applicable,REUSED from baseline_freshman_20260219b
analysis_param_near_duplicate_simhash_v1,analysis,Param Near-Duplicate Detection (SimHash),ok,explained_non_actionable,0,False,PLUGIN_PRECONDITION_UNMET,,Add or extend recommendation adapters for this plugin's finding families.,adapter_extension,actionable_or_deterministic_explained_non_actionable,1,plugin_not_applicable,REUSED from baseline_freshman_20260219b
analysis_param_variant_explosion_v1,analysis,Param Variant Explosion,ok,actionable,1,True,,,,already_actionable,actionable,10,param_variant_explosion,REUSED from baseline_freshman_20260219b
analysis_partial_correlation_network_shift_v1,analysis,analysis_partial_correlation_network_shift_v1,ok,explained_non_actionable,0,False,OBSERVATION_ONLY,,Add or extend recommendation adapters for this plugin's finding families.,adapter_extension,actionable_or_deterministic_explained_non_actionable,1,plugin_observation,REUSED from baseline_freshman_20260219b
analysis_pc_algorithm_causal_graph_v1,analysis,PC Algorithm Causal Skeleton,ok,actionable,1,True,,,,already_actionable,actionable,1,leftfield_signal,REUSED from baseline_freshman_20260219b
analysis_pca_auto,analysis,Pca Auto,ok,explained_non_actionable,0,False,NO_ACTIONABLE_FINDING_CLASS,,"Emit a direct-action finding kind (`actionable_ops_lever`, `ideaspace_action`, or `verified_action`) with process target and modeled delta fields.",direct_action_contract,actionable_or_deterministic_explained_non_actionable,1,pca_auto,REUSED from baseline_freshman_20260219b
analysis_pca_control_chart,analysis,Pca Control Chart,ok,explained_non_actionable,0,False,OBSERVATION_ONLY,,Add or extend recommendation adapters for this plugin's finding families.,adapter_extension,actionable_or_deterministic_explained_non_actionable,1,plugin_observation,REUSED from baseline_freshman_20260219b
analysis_percentile_analysis,analysis,Percentile Analysis,ok,actionable,1,True,,,,already_actionable,actionable,10,percentile_stats,REUSED from baseline_freshman_20260219b
analysis_periodicity_spectral_scan,analysis,Periodicity Spectral Scan,ok,explained_non_actionable,0,False,OBSERVATION_ONLY,,Add or extend recommendation adapters for this plugin's finding families.,adapter_extension,actionable_or_deterministic_explained_non_actionable,1,plugin_observation,REUSED from baseline_freshman_20260219b
analysis_permutation_entropy_drift_v1,analysis,analysis_permutation_entropy_drift_v1,ok,explained_non_actionable,0,False,NO_STATISTICAL_SIGNAL,,Add or extend recommendation adapters for this plugin's finding families.,adapter_extension,actionable_or_deterministic_explained_non_actionable,1,analysis_no_action_diagnostic,REUSED from baseline_freshman_20260219b
analysis_phate_trajectory_embedding_v1,analysis,PHATE-like Trajectory Embedding,ok,actionable,1,True,,,,already_actionable,actionable,1,leftfield_signal,REUSED from baseline_freshman_20260219b
analysis_piecewise_linear_trend_changepoints_v1,analysis,analysis_piecewise_linear_trend_changepoints_v1,ok,explained_non_actionable,0,False,PLUGIN_PRECONDITION_UNMET,,Add or extend recommendation adapters for this plugin's finding families.,adapter_extension,actionable_or_deterministic_explained_non_actionable,1,plugin_not_applicable,REUSED from baseline_freshman_20260219b
analysis_poisson_regression_rate_drivers_v1,analysis,analysis_poisson_regression_rate_drivers_v1,ok,explained_non_actionable,0,False,OBSERVATION_ONLY,,Add or extend recommendation adapters for this plugin's finding families.,adapter_extension,actionable_or_deterministic_explained_non_actionable,1,plugin_observation,REUSED from baseline_freshman_20260219b
analysis_process_counterfactuals,analysis,Process Counterfactuals,ok,explained_non_actionable,0,False,PLUGIN_PRECONDITION_UNMET,,Add or extend recommendation adapters for this plugin's finding families.,adapter_extension,actionable_or_deterministic_explained_non_actionable,1,plugin_not_applicable,REUSED from baseline_freshman_20260219b
analysis_process_drift_conformance_over_time,analysis,Process Drift Conformance Over Time,ok,explained_non_actionable,0,False,OBSERVATION_ONLY,,Add or extend recommendation adapters for this plugin's finding families.,adapter_extension,actionable_or_deterministic_explained_non_actionable,1,plugin_observation,REUSED from baseline_freshman_20260219b
analysis_process_sequence,analysis,Process Sequence Mining,ok,actionable,1,True,,,,already_actionable,actionable,20,process_variant,REUSED from baseline_freshman_20260219b
analysis_process_sequence_bottlenecks,analysis,Process Sequence Bottlenecks,ok,explained_non_actionable,0,False,PLUGIN_PRECONDITION_UNMET,,Add or extend recommendation adapters for this plugin's finding families.,adapter_extension,actionable_or_deterministic_explained_non_actionable,1,plugin_not_applicable,REUSED from baseline_freshman_20260219b
analysis_proportional_hazards_duration,analysis,Proportional Hazards Duration,ok,explained_non_actionable,0,False,OBSERVATION_ONLY,,Add or extend recommendation adapters for this plugin's finding families.,adapter_extension,actionable_or_deterministic_explained_non_actionable,1,plugin_observation,REUSED from baseline_freshman_20260219b
analysis_quantile_loss_boosting_v1,analysis,analysis_quantile_loss_boosting_v1,ok,explained_non_actionable,0,False,OBSERVATION_ONLY,,Add or extend recommendation adapters for this plugin's finding families.,adapter_extension,actionable_or_deterministic_explained_non_actionable,1,plugin_observation,REUSED from baseline_freshman_20260219b
analysis_quantile_mapping_drift_qq_v1,analysis,analysis_quantile_mapping_drift_qq_v1,ok,explained_non_actionable,0,False,PLUGIN_PRECONDITION_UNMET,,Add or extend recommendation adapters for this plugin's finding families.,adapter_extension,actionable_or_deterministic_explained_non_actionable,1,plugin_not_applicable,REUSED from baseline_freshman_20260219b
analysis_quantile_regression_duration,analysis,Quantile Regression Duration,ok,explained_non_actionable,0,False,OBSERVATION_ONLY,,Add or extend recommendation adapters for this plugin's finding families.,adapter_extension,actionable_or_deterministic_explained_non_actionable,1,plugin_observation,REUSED from baseline_freshman_20260219b
analysis_quantile_regression_forest_v1,analysis,analysis_quantile_regression_forest_v1,ok,explained_non_actionable,0,False,OBSERVATION_ONLY,,Add or extend recommendation adapters for this plugin's finding families.,adapter_extension,actionable_or_deterministic_explained_non_actionable,10,plugin_observation,REUSED from baseline_freshman_20260219b
analysis_quantile_sketch_p2_streaming_v1,analysis,analysis_quantile_sketch_p2_streaming_v1,ok,explained_non_actionable,0,False,PLUGIN_PRECONDITION_UNMET,,Add or extend recommendation adapters for this plugin's finding families.,adapter_extension,actionable_or_deterministic_explained_non_actionable,1,plugin_not_applicable,REUSED from baseline_freshman_20260219b
analysis_queue_delay_decomposition,analysis,Queue Delay Decomposition,ok,explained_non_actionable,0,False,NO_ACTIONABLE_FINDING_CLASS,,"Emit a direct-action finding kind (`actionable_ops_lever`, `ideaspace_action`, or `verified_action`) with process target and modeled delta fields.",direct_action_contract,actionable_or_deterministic_explained_non_actionable,11,capacity_scale_model;eligible_wait_process_stats;eligible_wait_impact,REUSED from baseline_freshman_20260219b
analysis_queue_model_fit,analysis,Queue Model Fit,ok,explained_non_actionable,0,False,OBSERVATION_ONLY,,Add or extend recommendation adapters for this plugin's finding families.,adapter_extension,actionable_or_deterministic_explained_non_actionable,1,plugin_observation,REUSED from baseline_freshman_20260219b
analysis_random_matrix_marchenko_pastur_denoise_v1,analysis,analysis_random_matrix_marchenko_pastur_denoise_v1,ok,explained_non_actionable,0,False,OBSERVATION_ONLY,,Add or extend recommendation adapters for this plugin's finding families.,adapter_extension,actionable_or_deterministic_explained_non_actionable,1,plugin_observation,REUSED from baseline_freshman_20260219b
analysis_randomization_test_median_shift_v1,analysis,analysis_randomization_test_median_shift_v1,ok,explained_non_actionable,0,False,PLUGIN_PRECONDITION_UNMET,,Add or extend recommendation adapters for this plugin's finding families.,adapter_extension,actionable_or_deterministic_explained_non_actionable,1,plugin_not_applicable,REUSED from baseline_freshman_20260219b
analysis_recommendation_dedupe_v2,analysis,Recommendation Dedupe v2,ok,explained_non_actionable,0,False,NO_ACTIONABLE_FINDING_CLASS,,"Emit a direct-action finding kind (`actionable_ops_lever`, `ideaspace_action`, or `verified_action`) with process target and modeled delta fields.",direct_action_contract,actionable_or_deterministic_explained_non_actionable,1,recommendation_dedupe_summary,REUSED from baseline_freshman_20260219b
analysis_recurrence_quantification_rqa_v1,analysis,analysis_recurrence_quantification_rqa_v1,ok,explained_non_actionable,0,False,NO_STATISTICAL_SIGNAL,,Add or extend recommendation adapters for this plugin's finding families.,adapter_extension,actionable_or_deterministic_explained_non_actionable,1,analysis_no_action_diagnostic,REUSED from baseline_freshman_20260219b
analysis_regression_auto,analysis,Regression Auto,ok,explained_non_actionable,0,False,NO_ACTIONABLE_FINDING_CLASS,,"Emit a direct-action finding kind (`actionable_ops_lever`, `ideaspace_action`, or `verified_action`) with process target and modeled delta fields.",direct_action_contract,actionable_or_deterministic_explained_non_actionable,1,regression_auto_drivers,REUSED from baseline_freshman_20260219b
analysis_retry_rate_hotspots_v1,analysis,Retry Rate Hotspots,ok,explained_non_actionable,0,False,PLUGIN_PRECONDITION_UNMET,,Add or extend recommendation adapters for this plugin's finding families.,adapter_extension,actionable_or_deterministic_explained_non_actionable,1,plugin_not_applicable,REUSED from baseline_freshman_20260219b
analysis_robust_covariance_outliers,analysis,Robust Covariance Outliers,ok,explained_non_actionable,0,False,OBSERVATION_ONLY,,Add or extend recommendation adapters for this plugin's finding families.,adapter_extension,actionable_or_deterministic_explained_non_actionable,1,plugin_observation,REUSED from baseline_freshman_20260219b
analysis_robust_pca_pcp,analysis,Robust Pca Pcp,ok,explained_non_actionable,0,False,OBSERVATION_ONLY,,Add or extend recommendation adapters for this plugin's finding families.,adapter_extension,actionable_or_deterministic_explained_non_actionable,30,plugin_observation,REUSED from baseline_freshman_20260219b
analysis_robust_pca_sparse_outliers,analysis,Robust PCA Sparse Outliers,ok,explained_non_actionable,0,False,OBSERVATION_ONLY,,Add or extend recommendation adapters for this plugin's finding families.,adapter_extension,actionable_or_deterministic_explained_non_actionable,30,plugin_observation,REUSED from baseline_freshman_20260219b
analysis_robust_regression_huber_ransac_v1,analysis,analysis_robust_regression_huber_ransac_v1,ok,explained_non_actionable,0,False,OBSERVATION_ONLY,,Add or extend recommendation adapters for this plugin's finding families.,adapter_extension,actionable_or_deterministic_explained_non_actionable,1,plugin_observation,REUSED from baseline_freshman_20260219b
analysis_sample_entropy_irregularity_v1,analysis,analysis_sample_entropy_irregularity_v1,ok,explained_non_actionable,0,False,NO_STATISTICAL_SIGNAL,,Add or extend recommendation adapters for this plugin's finding families.,adapter_extension,actionable_or_deterministic_explained_non_actionable,1,analysis_no_action_diagnostic,REUSED from baseline_freshman_20260219b
analysis_scan_statistics,analysis,Scan Statistics,ok,actionable,1,True,,,,already_actionable,actionable,6,cluster,REUSED from baseline_freshman_20260219b
analysis_seasonal_holt_winters_forecast_residuals_v1,analysis,analysis_seasonal_holt_winters_forecast_residuals_v1,ok,explained_non_actionable,0,False,PLUGIN_PRECONDITION_UNMET,,Add or extend recommendation adapters for this plugin's finding families.,adapter_extension,actionable_or_deterministic_explained_non_actionable,1,plugin_not_applicable,REUSED from baseline_freshman_20260219b
analysis_sequence_classification,analysis,Standalone vs Sequence Classification,ok,explained_non_actionable,0,False,NO_ACTIONABLE_FINDING_CLASS,,"Emit a direct-action finding kind (`actionable_ops_lever`, `ideaspace_action`, or `verified_action`) with process target and modeled delta fields.",direct_action_contract,actionable_or_deterministic_explained_non_actionable,10,sequence_classification,REUSED from baseline_freshman_20260219b
analysis_sequence_grammar_sequitur_v1,analysis,Sequence Grammar Inference (SEQUITUR),ok,explained_non_actionable,0,False,PLUGIN_PRECONDITION_UNMET,,Add or extend recommendation adapters for this plugin's finding families.,adapter_extension,actionable_or_deterministic_explained_non_actionable,1,plugin_not_applicable,REUSED from baseline_freshman_20260219b
analysis_sequential_patterns_prefixspan,analysis,Sequential Patterns Prefixspan,ok,explained_non_actionable,0,False,NO_STATISTICAL_SIGNAL,,Add or extend recommendation adapters for this plugin's finding families.,adapter_extension,actionable_or_deterministic_explained_non_actionable,1,analysis_no_action_diagnostic,REUSED from baseline_freshman_20260219b
analysis_sequential_patterns_prefixspan_v1,analysis,Sequential Patterns (PrefixSpan),ok,explained_non_actionable,0,False,PLUGIN_PRECONDITION_UNMET,,Add or extend recommendation adapters for this plugin's finding families.,adapter_extension,actionable_or_deterministic_explained_non_actionable,1,plugin_not_applicable,REUSED from baseline_freshman_20260219b
analysis_similarity_graph_spectral_clustering_v1,analysis,Similarity Graph Spectral Clustering,ok,explained_non_actionable,0,False,PLUGIN_PRECONDITION_UNMET,,Add or extend recommendation adapters for this plugin's finding families.,adapter_extension,actionable_or_deterministic_explained_non_actionable,1,plugin_not_applicable,REUSED from baseline_freshman_20260219b
analysis_sinkhorn_ot_drift_v1,analysis,Sinkhorn OT Drift,ok,actionable,1,True,,,,already_actionable,actionable,1,leftfield_signal,REUSED from baseline_freshman_20260219b
analysis_sparse_pca_interpretable_components_v1,analysis,analysis_sparse_pca_interpretable_components_v1,ok,explained_non_actionable,0,False,OBSERVATION_ONLY,,Add or extend recommendation adapters for this plugin's finding families.,adapter_extension,actionable_or_deterministic_explained_non_actionable,1,plugin_observation,REUSED from baseline_freshman_20260219b
analysis_spectral_radius_stability_v1,analysis,analysis_spectral_radius_stability_v1,ok,explained_non_actionable,0,False,NO_STATISTICAL_SIGNAL,,Add or extend recommendation adapters for this plugin's finding families.,adapter_extension,actionable_or_deterministic_explained_non_actionable,1,analysis_no_action_diagnostic,REUSED from baseline_freshman_20260219b
analysis_ssa_decomposition_changepoint_v1,analysis,SSA Decomposition and Changepoint,ok,actionable,1,True,,,,already_actionable,actionable,1,leftfield_signal,REUSED from baseline_freshman_20260219b
analysis_state_space_kalman_residuals,analysis,State Space Kalman Residuals,ok,explained_non_actionable,0,False,OBSERVATION_ONLY,,Add or extend recommendation adapters for this plugin's finding families.,adapter_extension,actionable_or_deterministic_explained_non_actionable,1,plugin_observation,REUSED from baseline_freshman_20260219b
analysis_state_space_smoother_level_shift_v1,analysis,analysis_state_space_smoother_level_shift_v1,ok,explained_non_actionable,0,False,NO_STATISTICAL_SIGNAL,,Add or extend recommendation adapters for this plugin's finding families.,adapter_extension,actionable_or_deterministic_explained_non_actionable,1,analysis_no_action_diagnostic,REUSED from baseline_freshman_20260219b
analysis_stl_seasonal_decompose_v1,analysis,analysis_stl_seasonal_decompose_v1,ok,explained_non_actionable,0,False,PLUGIN_PRECONDITION_UNMET,,Add or extend recommendation adapters for this plugin's finding families.,adapter_extension,actionable_or_deterministic_explained_non_actionable,1,plugin_not_applicable,REUSED from baseline_freshman_20260219b
analysis_subspace_tracking_oja_v1,analysis,analysis_subspace_tracking_oja_v1,ok,explained_non_actionable,0,False,NO_STATISTICAL_SIGNAL,,Add or extend recommendation adapters for this plugin's finding families.,adapter_extension,actionable_or_deterministic_explained_non_actionable,1,analysis_no_action_diagnostic,REUSED from baseline_freshman_20260219b
analysis_surface_fabric_sso_eigen,analysis,Surface Fabric Sso Eigen,ok,explained_non_actionable,0,False,NO_ACTIONABLE_FINDING_CLASS,,"Emit a direct-action finding kind (`actionable_ops_lever`, `ideaspace_action`, or `verified_action`) with process target and modeled delta fields.",direct_action_contract,actionable_or_deterministic_explained_non_actionable,1,surface_fabric_sso_eigen,REUSED from baseline_freshman_20260219b
analysis_surface_fractal_dimension_variogram,analysis,Surface Fractal Dimension Variogram,ok,explained_non_actionable,0,False,NO_ACTIONABLE_FINDING_CLASS,,"Emit a direct-action finding kind (`actionable_ops_lever`, `ideaspace_action`, or `verified_action`) with process target and modeled delta fields.",direct_action_contract,actionable_or_deterministic_explained_non_actionable,5,surface_fractal_dimension_variogram,REUSED from baseline_freshman_20260219b
analysis_surface_hydrology_flow_watershed,analysis,Surface Hydrology Flow Watershed,ok,explained_non_actionable,0,False,NO_ACTIONABLE_FINDING_CLASS,,"Emit a direct-action finding kind (`actionable_ops_lever`, `ideaspace_action`, or `verified_action`) with process target and modeled delta fields.",direct_action_contract,actionable_or_deterministic_explained_non_actionable,1,surface_hydrology_flow_watershed,REUSED from baseline_freshman_20260219b
analysis_surface_multiscale_wavelet_curvature,analysis,Surface Multiscale Wavelet Curvature,ok,explained_non_actionable,0,False,NO_ACTIONABLE_FINDING_CLASS,,"Emit a direct-action finding kind (`actionable_ops_lever`, `ideaspace_action`, or `verified_action`) with process target and modeled delta fields.",direct_action_contract,actionable_or_deterministic_explained_non_actionable,5,surface_multiscale_wavelet_curvature,REUSED from baseline_freshman_20260219b
analysis_surface_roughness_metrics,analysis,Surface Roughness Metrics,ok,explained_non_actionable,0,False,NO_ACTIONABLE_FINDING_CLASS,,"Emit a direct-action finding kind (`actionable_ops_lever`, `ideaspace_action`, or `verified_action`) with process target and modeled delta fields.",direct_action_contract,actionable_or_deterministic_explained_non_actionable,5,surface_roughness_metrics,REUSED from baseline_freshman_20260219b
analysis_surface_rugosity_index,analysis,Surface Rugosity Index,ok,explained_non_actionable,0,False,NO_ACTIONABLE_FINDING_CLASS,,"Emit a direct-action finding kind (`actionable_ops_lever`, `ideaspace_action`, or `verified_action`) with process target and modeled delta fields.",direct_action_contract,actionable_or_deterministic_explained_non_actionable,5,surface_rugosity_index,REUSED from baseline_freshman_20260219b
analysis_surface_terrain_position_index,analysis,Surface Terrain Position Index,ok,explained_non_actionable,0,False,NO_ACTIONABLE_FINDING_CLASS,,"Emit a direct-action finding kind (`actionable_ops_lever`, `ideaspace_action`, or `verified_action`) with process target and modeled delta fields.",direct_action_contract,actionable_or_deterministic_explained_non_actionable,5,surface_terrain_position_index,REUSED from baseline_freshman_20260219b
analysis_survival_kaplan_meier,analysis,Survival Kaplan Meier,ok,explained_non_actionable,0,False,OBSERVATION_ONLY,,Add or extend recommendation adapters for this plugin's finding families.,adapter_extension,actionable_or_deterministic_explained_non_actionable,1,plugin_observation,REUSED from baseline_freshman_20260219b
analysis_survival_time_to_event,analysis,Survival Time To Event,ok,explained_non_actionable,0,False,NO_ACTIONABLE_FINDING_CLASS,,"Emit a direct-action finding kind (`actionable_ops_lever`, `ideaspace_action`, or `verified_action`) with process target and modeled delta fields.",direct_action_contract,actionable_or_deterministic_explained_non_actionable,1,survival_time_to_event,REUSED from baseline_freshman_20260219b
analysis_symbolic_regression_gp_v1,analysis,Symbolic Regression GP Approximation,ok,actionable,1,True,,,,already_actionable,actionable,1,leftfield_signal,REUSED from baseline_freshman_20260219b
analysis_tabpfn_foundation_tabular_v1,analysis,TabPFN-style Few-shot Tabular Baseline,ok,actionable,1,True,,,,already_actionable,actionable,1,leftfield_signal,REUSED from baseline_freshman_20260219b
analysis_tail_isolation,analysis,Tail Isolation,ok,actionable,1,True,,,,already_actionable,actionable,13,tail_isolation,REUSED from baseline_freshman_20260219b
analysis_tda_betti_curve_changepoint,analysis,Tda Betti Curve Changepoint,ok,actionable,1,True,,,,already_actionable,actionable,155,tda_betti_curve_changepoint,REUSED from baseline_freshman_20260219b
analysis_tda_mapper_graph,analysis,Tda Mapper Graph,ok,explained_non_actionable,0,False,NO_ACTIONABLE_FINDING_CLASS,,"Emit a direct-action finding kind (`actionable_ops_lever`, `ideaspace_action`, or `verified_action`) with process target and modeled delta fields.",direct_action_contract,actionable_or_deterministic_explained_non_actionable,1,tda_mapper_graph,REUSED from baseline_freshman_20260219b
analysis_tda_persistence_landscapes,analysis,Tda Persistence Landscapes,ok,explained_non_actionable,0,False,NO_ACTIONABLE_FINDING_CLASS,,"Emit a direct-action finding kind (`actionable_ops_lever`, `ideaspace_action`, or `verified_action`) with process target and modeled delta fields.",direct_action_contract,actionable_or_deterministic_explained_non_actionable,1,tda_persistence_landscapes,REUSED from baseline_freshman_20260219b
analysis_tda_persistent_homology,analysis,Tda Persistent Homology,ok,explained_non_actionable,0,False,NO_ACTIONABLE_FINDING_CLASS,,"Emit a direct-action finding kind (`actionable_ops_lever`, `ideaspace_action`, or `verified_action`) with process target and modeled delta fields.",direct_action_contract,actionable_or_deterministic_explained_non_actionable,1,tda_persistent_homology,REUSED from baseline_freshman_20260219b
analysis_template_drift_two_sample,analysis,Template Drift Two Sample,ok,explained_non_actionable,0,False,OBSERVATION_ONLY,,Add or extend recommendation adapters for this plugin's finding families.,adapter_extension,actionable_or_deterministic_explained_non_actionable,1,plugin_observation,REUSED from baseline_freshman_20260219b
analysis_tensor_cp_parafac_decomp_v1,analysis,Tensor CP PARAFAC Decomposition,ok,explained_non_actionable,0,False,PLUGIN_PRECONDITION_UNMET,,Add or extend recommendation adapters for this plugin's finding families.,adapter_extension,actionable_or_deterministic_explained_non_actionable,1,plugin_not_applicable,REUSED from baseline_freshman_20260219b
analysis_term_burst_kleinberg,analysis,Term Burst Kleinberg,ok,explained_non_actionable,0,False,OBSERVATION_ONLY,,Add or extend recommendation adapters for this plugin's finding families.,adapter_extension,actionable_or_deterministic_explained_non_actionable,1,plugin_observation,REUSED from baseline_freshman_20260219b
analysis_time_series_analysis_auto,analysis,Time Series Auto,ok,explained_non_actionable,0,False,NO_ACTIONABLE_FINDING_CLASS,,"Emit a direct-action finding kind (`actionable_ops_lever`, `ideaspace_action`, or `verified_action`) with process target and modeled delta fields.",direct_action_contract,actionable_or_deterministic_explained_non_actionable,1,time_series_auto,REUSED from baseline_freshman_20260219b
analysis_topic_model_lda,analysis,Topic Model Lda,ok,explained_non_actionable,0,False,OBSERVATION_ONLY,,Add or extend recommendation adapters for this plugin's finding families.,adapter_extension,actionable_or_deterministic_explained_non_actionable,1,plugin_observation,REUSED from baseline_freshman_20260219b
analysis_topographic_angle_dynamics,analysis,Topographic Angle Dynamics,ok,explained_non_actionable,0,False,NO_ACTIONABLE_FINDING_CLASS,,"Emit a direct-action finding kind (`actionable_ops_lever`, `ideaspace_action`, or `verified_action`) with process target and modeled delta fields.",direct_action_contract,actionable_or_deterministic_explained_non_actionable,1,topographic_angle_dynamics,REUSED from baseline_freshman_20260219b
analysis_topographic_similarity_angle_projection,analysis,Topographic Similarity Angle Projection,ok,explained_non_actionable,0,False,NO_ACTIONABLE_FINDING_CLASS,,"Emit a direct-action finding kind (`actionable_ops_lever`, `ideaspace_action`, or `verified_action`) with process target and modeled delta fields.",direct_action_contract,actionable_or_deterministic_explained_non_actionable,1,topographic_similarity,REUSED from baseline_freshman_20260219b
analysis_topographic_tanova_permutation,analysis,Topographic Tanova Permutation,ok,explained_non_actionable,0,False,NO_ACTIONABLE_FINDING_CLASS,,"Emit a direct-action finding kind (`actionable_ops_lever`, `ideaspace_action`, or `verified_action`) with process target and modeled delta fields.",direct_action_contract,actionable_or_deterministic_explained_non_actionable,6,topographic_tanova_permutation,REUSED from baseline_freshman_20260219b
analysis_traceability_manifest_v2,analysis,Traceability Manifest v2,ok,explained_non_actionable,0,False,NO_ACTIONABLE_FINDING_CLASS,,"Emit a direct-action finding kind (`actionable_ops_lever`, `ideaspace_action`, or `verified_action`) with process target and modeled delta fields.",direct_action_contract,actionable_or_deterministic_explained_non_actionable,1,traceability_manifest,REUSED from baseline_freshman_20260219b
analysis_transfer_entropy_directional,analysis,Transfer Entropy Directional,ok,explained_non_actionable,0,False,OBSERVATION_ONLY,,Add or extend recommendation adapters for this plugin's finding families.,adapter_extension,actionable_or_deterministic_explained_non_actionable,1,plugin_observation,REUSED from baseline_freshman_20260219b
analysis_ttests_auto,analysis,Ttests Auto,ok,explained_non_actionable,0,False,NO_SIGNIFICANT_EFFECT,,Add or extend recommendation adapters for this plugin's finding families.,adapter_extension,actionable_or_deterministic_explained_non_actionable,1,analysis_no_action_diagnostic,REUSED from baseline_freshman_20260219b
analysis_two_sample_categorical_chi2,analysis,Two Sample Categorical Chi2,ok,explained_non_actionable,0,False,OBSERVATION_ONLY,,Add or extend recommendation adapters for this plugin's finding families.,adapter_extension,actionable_or_deterministic_explained_non_actionable,14,plugin_observation,REUSED from baseline_freshman_20260219b
analysis_two_sample_numeric_ad,analysis,Two Sample Numeric Ad,ok,explained_non_actionable,0,False,PLUGIN_PRECONDITION_UNMET,,Add or extend recommendation adapters for this plugin's finding families.,adapter_extension,actionable_or_deterministic_explained_non_actionable,1,plugin_not_applicable,REUSED from baseline_freshman_20260219b
analysis_two_sample_numeric_ks,analysis,Two Sample Numeric Ks,ok,explained_non_actionable,0,False,NO_STATISTICAL_SIGNAL,,Add or extend recommendation adapters for this plugin's finding families.,adapter_extension,actionable_or_deterministic_explained_non_actionable,1,analysis_no_action_diagnostic,REUSED from baseline_freshman_20260219b
analysis_two_sample_numeric_mann_whitney,analysis,Two Sample Numeric Mann Whitney,ok,explained_non_actionable,0,False,NO_STATISTICAL_SIGNAL,,Add or extend recommendation adapters for this plugin's finding families.,adapter_extension,actionable_or_deterministic_explained_non_actionable,1,analysis_no_action_diagnostic,REUSED from baseline_freshman_20260219b
analysis_upload_linkage,analysis,Upload to Revenue Linkage Analysis,ok,actionable,1,True,,,,already_actionable,actionable,1,upload_bkrvnu_linkage,REUSED from baseline_freshman_20260219b
analysis_user_host_savings,analysis,User/Host Savings,ok,explained_non_actionable,0,False,PLUGIN_PRECONDITION_UNMET,,Add or extend recommendation adapters for this plugin's finding families.,adapter_extension,actionable_or_deterministic_explained_non_actionable,1,plugin_not_applicable,REUSED from baseline_freshman_20260219b
analysis_variant_differential,analysis,Variant Differential,ok,explained_non_actionable,0,False,OBSERVATION_ONLY,,Add or extend recommendation adapters for this plugin's finding families.,adapter_extension,actionable_or_deterministic_explained_non_actionable,1,plugin_observation,REUSED from baseline_freshman_20260219b
analysis_waterfall_summary_v2,analysis,Waterfall Summary v2,ok,explained_non_actionable,0,False,PLUGIN_PRECONDITION_UNMET,,Add or extend recommendation adapters for this plugin's finding families.,adapter_extension,actionable_or_deterministic_explained_non_actionable,1,plugin_not_applicable,REUSED from baseline_freshman_20260219b
analysis_wild_binary_segmentation_v1,analysis,analysis_wild_binary_segmentation_v1,ok,explained_non_actionable,0,False,PLUGIN_PRECONDITION_UNMET,,Add or extend recommendation adapters for this plugin's finding families.,adapter_extension,actionable_or_deterministic_explained_non_actionable,1,plugin_not_applicable,REUSED from baseline_freshman_20260219b
analysis_zero_inflated_count_model_v1,analysis,analysis_zero_inflated_count_model_v1,ok,explained_non_actionable,0,False,PLUGIN_PRECONDITION_UNMET,,Add or extend recommendation adapters for this plugin's finding families.,adapter_extension,actionable_or_deterministic_explained_non_actionable,1,plugin_not_applicable,REUSED from baseline_freshman_20260219b
causal_recommendations_v1,analysis,Causal Recommendations v1,ok,explained_non_actionable,0,False,NO_ACTIONABLE_FINDING_CLASS,,"Emit a direct-action finding kind (`actionable_ops_lever`, `ideaspace_action`, or `verified_action`) with process target and modeled delta fields.",direct_action_contract,actionable_or_deterministic_explained_non_actionable,1,recommendation,REUSED from baseline_freshman_20260219b
changepoint_detection_v1,analysis,Changepoint Detection v1,ok,explained_non_actionable,0,False,NO_ACTIONABLE_FINDING_CLASS,,"Emit a direct-action finding kind (`actionable_ops_lever`, `ideaspace_action`, or `verified_action`) with process target and modeled delta fields.",direct_action_contract,actionable_or_deterministic_explained_non_actionable,1,changepoint,REUSED from baseline_freshman_20260219b
llm_prompt_builder,llm,LLM Prompt Builder,ok,explained_non_actionable,0,False,REPORT_SNAPSHOT_OMISSION,,Plugin executed but is missing from report.plugins snapshot; include it in report serialization.,report_snapshot_serialization,explained_non_actionable,0,,REUSED from baseline_freshman_20260219b
llm_text2sql_local_generate_v1,llm,Local Text2SQL Pack Generator (v1),ok,explained_non_actionable,0,False,REPORT_SNAPSHOT_OMISSION,,Plugin executed but is missing from report.plugins snapshot; include it in report serialization.,report_snapshot_serialization,explained_non_actionable,0,,REUSED from baseline_freshman_20260219b
planner_basic,planner,Planner Basic,ok,explained_non_actionable,0,False,NO_ACTIONABLE_FINDING_CLASS,,"Emit a direct-action finding kind (`actionable_ops_lever`, `ideaspace_action`, or `verified_action`) with process target and modeled delta fields.",direct_action_contract,actionable_or_deterministic_explained_non_actionable,110,plan,REUSED from baseline_freshman_20260219b
process_mining_conformance_v1,analysis,Process Mining Conformance v1,ok,explained_non_actionable,0,False,PLUGIN_PRECONDITION_UNMET,,Add or extend recommendation adapters for this plugin's finding families.,adapter_extension,actionable_or_deterministic_explained_non_actionable,1,plugin_not_applicable,REUSED from baseline_freshman_20260219b
process_mining_discovery_v1,analysis,Process Mining Discovery v1,ok,explained_non_actionable,0,False,PLUGIN_PRECONDITION_UNMET,,Add or extend recommendation adapters for this plugin's finding families.,adapter_extension,actionable_or_deterministic_explained_non_actionable,1,plugin_not_applicable,REUSED from baseline_freshman_20260219b
profile_basic,profile,Profile Basic,ok,explained_non_actionable,0,False,NO_FINDINGS,,"Review downstream plugin outputs for action decisions: analysis_association_rules_apriori_v1, analysis_biclustering_cheng_church_v1, analysis_constrained_clustering_cop_kmeans_v1, analysis_cur_decomposition_explain_v1, analysis_density_clustering_hdbscan_v1, ...",downstream_review_contract,explained_non_actionable,0,,REUSED from baseline_freshman_20260219b
profile_eventlog,profile,Profile Eventlog,ok,explained_non_actionable,0,False,NO_ACTIONABLE_FINDING_CLASS,,"Emit a direct-action finding kind (`actionable_ops_lever`, `ideaspace_action`, or `verified_action`) with process target and modeled delta fields.",direct_action_contract,actionable_or_deterministic_explained_non_actionable,39,role_inference;role_confidence_low,REUSED from baseline_freshman_20260219b
report_bundle,report,Report Bundle,ok,explained_non_actionable,0,False,REPORT_SNAPSHOT_OMISSION,,Plugin executed but is missing from report.plugins snapshot; include it in report serialization.,report_snapshot_serialization,explained_non_actionable,0,,Report generated; indexed 2716 vectors
report_decision_bundle_v2,report,Decision Report Bundle v2,ok,explained_non_actionable,0,False,NO_ACTIONABLE_FINDING_CLASS,,"Emit a direct-action finding kind (`actionable_ops_lever`, `ideaspace_action`, or `verified_action`) with process target and modeled delta fields.",direct_action_contract,actionable_or_deterministic_explained_non_actionable,2,modeled_field_gaps;report_bundle_v2,Decision report bundle generated (modeled gaps noted)
report_payout_report_v1,report,Payout Report (Batch/Multi-Input),ok,explained_non_actionable,0,False,NO_ACTIONABLE_FINDING_CLASS,,"Emit a direct-action finding kind (`actionable_ops_lever`, `ideaspace_action`, or `verified_action`) with process target and modeled delta fields.",direct_action_contract,actionable_or_deterministic_explained_non_actionable,1,payout_report,Generated payout report artifacts
report_plain_english_v1,report,Plain-English Report (v1),ok,explained_non_actionable,0,False,REPORT_SNAPSHOT_OMISSION,,Plugin executed but is missing from report.plugins snapshot; include it in report serialization.,report_snapshot_serialization,explained_non_actionable,0,,Wrote plain_report.md
report_slide_kit_emitter_v2,report,Slide Kit Emitter v2,ok,explained_non_actionable,0,False,NO_ACTIONABLE_FINDING_CLASS,,"Emit a direct-action finding kind (`actionable_ops_lever`, `ideaspace_action`, or `verified_action`) with process target and modeled delta fields.",direct_action_contract,actionable_or_deterministic_explained_non_actionable,1,slide_kit_summary,Slide kit tables emitted
transform_normalize_mixed,transform,Normalize Mixed Types,ok,explained_non_actionable,0,False,NO_FINDINGS,,"Review downstream plugin outputs for action decisions: analysis_association_rules_apriori_v1, analysis_biclustering_cheng_church_v1, analysis_burst_modeling_hawkes_v1, analysis_close_cycle_change_point_v1, analysis_constrained_clustering_cop_kmeans_v1, ...",downstream_review_contract,explained_non_actionable,0,,REUSED from baseline_freshman_20260219b
transform_sql_intents_pack_v1,transform,SQL Intents Pack (v1),ok,explained_non_actionable,0,False,SQL_ASSIST_READY,,Review downstream plugin outputs for action decisions: transform_sqlpack_materialize_v1.,downstream_review_contract,explained_non_actionable,2,sql_intents_pack;sql_pack_bootstrap,Wrote 4 SQL intent(s) and bootstrap SQL pack (6 queries)
transform_sqlpack_materialize_v1,transform,SQL Pack Materializer (v1),ok,explained_non_actionable,0,False,NO_ACTIONABLE_FINDING_CLASS,,"Emit a direct-action finding kind (`actionable_ops_lever`, `ideaspace_action`, or `verified_action`) with process target and modeled delta fields.",direct_action_contract,actionable_or_deterministic_explained_non_actionable,1,sqlpack_materialized,Materialized 6 table(s)
transform_template,transform,Template Transformer,na,explained_non_actionable,0,False,PREREQUISITE_UNMET,,Confirm whether this plugin should have downstream consumers or remain standalone.,standalone_or_downstream_decision,explained_non_actionable,1,template_not_configured,Template mapping not applicable (template_id not set)
